timestamp,location,latitude,longitude,pm25,pm10,co,no2,temperature,humidity,wind_speed,wind_direction
2026-09-29 00:00,Guindy,13.0067,80.2206,56,116,1.7,68,26,87,3,West
2026-09-29 00:00,Marina Beach,13.05,80.2824,15,32,0.4,19,24,96,12,West
2026-09-29 00:00,Adyar,13.0012,80.2565,27,58,0.7,34,24,95,11,West
2026-09-29 00:00,T. Nagar,13.0418,80.2341,47,98,1.3,61,26,87,5,West
2026-09-29 00:00,Manali,13.1667,80.2667,71,153,1.9,85,25,92,4,Calm
2026-09-29 00:00,Ennore,13.2167,80.3167,66,147,1.8,81,24,96,8,North-West
2026-09-29 00:00,Sriperumbudur,12.9675,79.9419,55,122,1.6,68,26,86,4,Calm
2026-09-29 00:00,Kanchipuram,12.8342,79.7036,33,71,0.9,46,26,88,5,Calm
2026-09-29 00:00,Vellore,12.9165,79.1325,37,78,1.1,51,26,86,4,North
2026-09-29 00:00,Hosur,12.7409,77.8253,43,94,1.4,65,23,96,5,Calm
2026-09-29 00:00,Tiruvannamalai,12.2253,79.0747,24,51,0.7,31,26,89,4,West
2026-09-29 00:00,Cuddalore,11.748,79.7714,48,107,1.4,59,25,92,8,North-West
2026-09-29 00:00,Salem,11.6643,78.146,46,97,1.2,54,26,90,4,West
2026-09-29 00:00,Mettur,11.79,77.8,49,107,1.3,71,26,87,4,Calm
2026-09-29 00:00,Namakkal,11.2189,78.1674,32,68,0.8,44,26,88,5,North-West
2026-09-29 00:00,Erode,11.341,77.7172,43,95,1.2,55,25,90,4,North-West
2026-09-29 00:00,Tiruppur,11.1085,77.3411,48,99,1.4,62,25,89,4,West
2026-09-29 00:00,Coimbatore,11.0168,76.9558,41,92,1.2,48,23,96,6,Calm
2026-09-29 00:00,Pollachi,10.6609,77.0048,23,49,0.6,30,24,94,6,West
2026-09-29 00:00,Ooty,11.4102,76.695,6,13,0.2,9,14,96,7,Calm
2026-09-29 00:00,Karur,10.9601,78.0766,35,76,1.0,49,27,86,5,Calm
2026-09-29 00:00,Tiruchirappalli,10.7905,78.7047,43,96,1.2,53,27,85,6,West
2026-09-29 00:00,Thanjavur,10.787,79.1378,30,66,0.9,35,26,88,5,North
2026-09-29 00:00,Nagapattinam,10.7672,79.8449,24,51,0.6,30,24,96,13,North-West
2026-09-29 00:00,Dindigul,10.3673,77.9803,31,66,0.8,35,25,90,5,North
2026-09-29 00:00,Kodaikanal,10.2381,77.4892,6,13,0.2,8,16,96,6,West
2026-09-29 00:00,Madurai,9.9252,78.1198,49,102,1.5,61,27,87,5,North-West
2026-09-29 00:00,Rameswaram,9.2876,79.3129,13,27,0.3,18,24,96,14,North
2026-09-29 00:00,Thoothukudi,8.7642,78.1348,54,120,1.8,77,25,94,11,West
2026-09-29 00:00,Tirunelveli,8.7139,77.7567,33,72,0.8,43,25,93,5,West
2026-09-29 00:00,Nagercoil,8.1833,77.4119,21,44,0.7,31,24,95,9,North
2026-09-29 00:00,Kanyakumari,8.0883,77.5385,12,25,0.3,15,25,93,15,North
2026-09-29 01:00,Guindy,13.0067,80.2206,54,112,1.7,80,26,88,4,West
2026-09-29 01:00,Marina Beach,13.05,80.2824,15,32,0.5,21,24,96,14,West
2026-09-29 01:00,Adyar,13.0012,80.2565,28,58,0.7,30,24,96,8,West
2026-09-29 01:00,T. Nagar,13.0418,80.2341,49,106,1.4,63,26,88,5,North-West
2026-09-29 01:00,Manali,13.1667,80.2667,72,151,2.1,100,26,89,5,West
2026-09-29 01:00,Ennore,13.2167,80.3167,70,145,1.8,84,24,94,8,North
2026-09-29 01:00,Sriperumbudur,12.9675,79.9419,53,110,1.7,77,26,87,4,West
2026-09-29 01:00,Kanchipuram,12.8342,79.7036,37,77,1.1,44,25,93,5,West
2026-09-29 01:00,Vellore,12.9165,79.1325,39,88,1.1,48,26,86,4,Calm
2026-09-29 01:00,Hosur,12.7409,77.8253,47,100,1.2,57,23,96,4,West
2026-09-29 01:00,Tiruvannamalai,12.2253,79.0747,28,58,0.7,30,27,84,4,North-West
2026-09-29 01:00,Cuddalore,11.748,79.7714,52,114,1.5,62,26,89,9,North-West
2026-09-29 01:00,Salem,11.6643,78.146,40,82,1.3,55,25,93,5,Calm
2026-09-29 01:00,Mettur,11.79,77.8,49,109,1.4,72,26,87,5,Calm
2026-09-29 01:00,Namakkal,11.2189,78.1674,32,66,0.9,44,26,87,4,Calm
2026-09-29 01:00,Erode,11.341,77.7172,41,88,1.1,51,26,87,5,Calm
2026-09-29 01:00,Tiruppur,11.1085,77.3411,48,99,1.5,73,26,87,4,North-West
2026-09-29 01:00,Coimbatore,11.0168,76.9558,41,89,1.2,57,23,96,5,West
2026-09-29 01:00,Pollachi,10.6609,77.0048,24,53,0.7,29,23,96,5,North
2026-09-29 01:00,Ooty,11.4102,76.695,7,16,0.2,8,15,96,6,Calm
2026-09-29 01:00,Karur,10.9601,78.0766,38,83,1.0,45,26,86,4,Calm
2026-09-29 01:00,Tiruchirappalli,10.7905,78.7047,47,101,1.2,61,26,87,4,North-West
2026-09-29 01:00,Thanjavur,10.787,79.1378,27,57,0.9,35,26,87,6,West
2026-09-29 01:00,Nagapattinam,10.7672,79.8449,23,47,0.6,29,24,96,12,West
2026-09-29 01:00,Dindigul,10.3673,77.9803,30,66,0.9,36,25,93,4,West
2026-09-29 01:00,Kodaikanal,10.2381,77.4892,6,13,0.2,8,16,96,5,North
2026-09-29 01:00,Madurai,9.9252,78.1198,52,113,1.5,65,27,84,4,West
2026-09-29 01:00,Rameswaram,9.2876,79.3129,13,29,0.4,16,24,95,13,West
2026-09-29 01:00,Thoothukudi,8.7642,78.1348,58,119,1.7,78,26,91,13,West
2026-09-29 01:00,Tirunelveli,8.7139,77.7567,33,71,1.0,44,25,92,5,North-West
2026-09-29 01:00,Nagercoil,8.1833,77.4119,23,49,0.7,31,25,92,8,North
2026-09-29 01:00,Kanyakumari,8.0883,77.5385,12,25,0.3,15,25,92,13,North-West
2026-09-29 02:00,Guindy,13.0067,80.2206,56,122,1.7,77,25,91,4,North-West
2026-09-29 02:00,Marina Beach,13.05,80.2824,17,38,0.5,20,24,96,12,West
2026-09-29 02:00,Adyar,13.0012,80.2565,27,61,0.7,32,24,96,8,North
2026-09-29 02:00,T. Nagar,13.0418,80.2341,46,101,1.3,61,26,89,4,North
2026-09-29 02:00,Manali,13.1667,80.2667,75,157,2.2,93,25,89,4,North-West
2026-09-29 02:00,Ennore,13.2167,80.3167,65,143,1.9,83,24,95,8,North-West
2026-09-29 02:00,Sriperumbudur,12.9675,79.9419,58,120,1.7,74,26,87,4,North-West
2026-09-29 02:00,Kanchipuram,12.8342,79.7036,34,76,0.9,48,26,89,4,North
2026-09-29 02:00,Vellore,12.9165,79.1325,40,84,1.2,46,26,88,4,Calm
2026-09-29 02:00,Hosur,12.7409,77.8253,48,103,1.2,63,22,96,5,West
2026-09-29 02:00,Tiruvannamalai,12.2253,79.0747,27,56,0.8,33,27,85,4,North
2026-09-29 02:00,Cuddalore,11.748,79.7714,52,112,1.3,62,25,91,9,North
2026-09-29 02:00,Salem,11.6643,78.146,42,92,1.2,56,25,89,4,West
2026-09-29 02:00,Mettur,11.79,77.8,52,115,1.5,66,26,89,4,West
2026-09-29 02:00,Namakkal,11.2189,78.1674,30,63,0.9,39,25,92,4,North
2026-09-29 02:00,Erode,11.341,77.7172,42,90,1.1,52,25,90,3,Calm
2026-09-29 02:00,Tiruppur,11.1085,77.3411,53,112,1.5,67,26,89,3,West
2026-09-29 02:00,Coimbatore,11.0168,76.9558,40,87,1.1,50,24,96,4,North-West
2026-09-29 02:00,Pollachi,10.6609,77.0048,24,53,0.7,30,23,96,7,North-West
2026-09-29 02:00,Ooty,11.4102,76.695,7,15,0.2,8,15,96,6,North-West
2026-09-29 02:00,Karur,10.9601,78.0766,35,77,1.0,45,27,83,4,West
2026-09-29 02:00,Tiruchirappalli,10.7905,78.7047,44,95,1.2,59,26,87,5,West
2026-09-29 02:00,Thanjavur,10.787,79.1378,28,59,0.8,33,25,91,6,West
2026-09-29 02:00,Nagapattinam,10.7672,79.8449,23,48,0.6,32,25,92,9,North-West
2026-09-29 02:00,Dindigul,10.3673,77.9803,31,68,0.8,35,25,90,5,Calm
2026-09-29 02:00,Kodaikanal,10.2381,77.4892,6,13,0.2,8,15,96,4,North-West
2026-09-29 02:00,Madurai,9.9252,78.1198,53,112,1.5,60,26,89,4,North-West
2026-09-29 02:00,Rameswaram,9.2876,79.3129,13,29,0.4,18,24,96,14,West
2026-09-29 02:00,Thoothukudi,8.7642,78.1348,55,123,1.5,68,25,93,13,North-West
2026-09-29 02:00,Tirunelveli,8.7139,77.7567,33,74,1.0,39,25,93,6,North
2026-09-29 02:00,Nagercoil,8.1833,77.4119,22,48,0.7,33,24,93,6,North
2026-09-29 02:00,Kanyakumari,8.0883,77.5385,11,25,0.3,16,24,96,13,North-West
2026-09-29 03:00,Guindy,13.0067,80.2206,54,118,1.6,75,25,90,3,North-West
2026-09-29 03:00,Marina Beach,13.05,80.2824,15,32,0.5,22,24,95,9,West
2026-09-29 03:00,Adyar,13.0012,80.2565,25,55,0.8,32,24,96,9,North-West
2026-09-29 03:00,T. Nagar,13.0418,80.2341,51,112,1.5,61,26,88,5,North
2026-09-29 03:00,Manali,13.1667,80.2667,67,140,2.1,101,26,87,3,North-West
2026-09-29 03:00,Ennore,13.2167,80.3167,70,145,1.9,77,25,92,8,West
2026-09-29 03:00,Sriperumbudur,12.9675,79.9419,56,118,1.5,69,26,86,3,West
2026-09-29 03:00,Kanchipuram,12.8342,79.7036,33,68,0.9,45,25,93,4,North
2026-09-29 03:00,Vellore,12.9165,79.1325,36,74,1.0,48,27,85,3,North-West
2026-09-29 03:00,Hosur,12.7409,77.8253,46,102,1.3,60,23,96,4,Calm
2026-09-29 03:00,Tiruvannamalai,12.2253,79.0747,25,54,0.7,35,26,87,3,West
2026-09-29 03:00,Cuddalore,11.748,79.7714,47,105,1.3,58,25,91,7,North
2026-09-29 03:00,Salem,11.6643,78.146,46,100,1.4,51,25,92,4,Calm
2026-09-29 03:00,Mettur,11.79,77.8,48,101,1.4,63,27,85,4,Calm
2026-09-29 03:00,Namakkal,11.2189,78.1674,32,67,0.9,43,26,86,4,Calm
2026-09-29 03:00,Erode,11.341,77.7172,39,83,1.1,49,25,91,4,West
2026-09-29 03:00,Tiruppur,11.1085,77.3411,55,122,1.5,65,26,86,3,North-West
2026-09-29 03:00,Coimbatore,11.0168,76.9558,41,85,1.1,51,24,95,4,West
2026-09-29 03:00,Pollachi,10.6609,77.0048,23,48,0.7,31,23,96,5,Calm
2026-09-29 03:00,Ooty,11.4102,76.695,7,14,0.2,9,15,96,4,North
2026-09-29 03:00,Karur,10.9601,78.0766,37,77,1.0,44,27,84,4,West
2026-09-29 03:00,Tiruchirappalli,10.7905,78.7047,40,86,1.3,60,26,88,4,West
2026-09-29 03:00,Thanjavur,10.787,79.1378,27,57,0.8,40,25,91,5,West
2026-09-29 03:00,Nagapattinam,10.7672,79.8449,22,49,0.6,32,24,96,10,West
2026-09-29 03:00,Dindigul,10.3673,77.9803,31,67,0.9,35,26,87,4,West
2026-09-29 03:00,Kodaikanal,10.2381,77.4892,6,13,0.2,8,16,96,4,West
2026-09-29 03:00,Madurai,9.9252,78.1198,53,117,1.3,68,27,86,4,Calm
2026-09-29 03:00,Rameswaram,9.2876,79.3129,12,26,0.4,17,24,96,11,North-West
2026-09-29 03:00,Thoothukudi,8.7642,78.1348,57,121,1.7,70,25,95,10,North-West
2026-09-29 03:00,Tirunelveli,8.7139,77.7567,33,73,0.9,38,25,90,4,North-West
2026-09-29 03:00,Nagercoil,8.1833,77.4119,23,51,0.7,31,24,93,7,Calm
2026-09-29 03:00,Kanyakumari,8.0883,77.5385,12,26,0.3,15,24,96,9,West
2026-09-29 04:00,Guindy,13.0067,80.2206,63,138,1.8,71,26,88,3,West
2026-09-29 04:00,Marina Beach,13.05,80.2824,17,37,0.4,22,25,93,9,North
2026-09-29 04:00,Adyar,13.0012,80.2565,25,55,0.7,34,25,92,6,North
2026-09-29 04:00,T. Nagar,13.0418,80.2341,48,102,1.3,63,26,87,3,North-West
2026-09-29 04:00,Manali,13.1667,80.2667,69,152,1.9,95,26,87,3,North
2026-09-29 04:00,Ennore,13.2167,80.3167,65,140,2.1,91,24,95,6,West
2026-09-29 04:00,Sriperumbudur,12.9675,79.9419,54,119,1.6,67,26,86,3,Calm
2026-09-29 04:00,Kanchipuram,12.8342,79.7036,34,76,1.1,49,26,89,3,West
2026-09-29 04:00,Vellore,12.9165,79.1325,36,78,1.1,49,27,83,3,North
2026-09-29 04:00,Hosur,12.7409,77.8253,43,88,1.3,55,22,96,4,West
2026-09-29 04:00,Tiruvannamalai,12.2253,79.0747,25,54,0.7,31,27,84,3,North
2026-09-29 04:00,Cuddalore,11.748,79.7714,46,96,1.5,61,26,91,5,North
2026-09-29 04:00,Salem,11.6643,78.146,47,102,1.3,58,26,88,3,North
2026-09-29 04:00,Mettur,11.79,77.8,49,106,1.5,64,26,89,2,West
2026-09-29 04:00,Namakkal,11.2189,78.1674,30,63,0.9,41,26,89,3,Calm
2026-09-29 04:00,Erode,11.341,77.7172,38,83,1.3,55,26,88,3,North-West
2026-09-29 04:00,Tiruppur,11.1085,77.3411,55,118,1.6,67,25,89,3,North
2026-09-29 04:00,Coimbatore,11.0168,76.9558,38,85,1.3,57,23,95,4,North-West
2026-09-29 04:00,Pollachi,10.6609,77.0048,24,54,0.7,29,24,96,4,North
2026-09-29 04:00,Ooty,11.4102,76.695,7,16,0.2,8,14,96,3,North-West
2026-09-29 04:00,Karur,10.9601,78.0766,37,78,1.2,50,27,85,4,North-West
2026-09-29 04:00,Tiruchirappalli,10.7905,78.7047,44,95,1.1,51,27,84,4,West
2026-09-29 04:00,Thanjavur,10.787,79.1378,29,63,0.8,35,25,90,4,West
2026-09-29 04:00,Nagapattinam,10.7672,79.8449,23,48,0.6,27,25,94,8,North
2026-09-29 04:00,Dindigul,10.3673,77.9803,27,60,0.9,35,26,88,4,North-West
2026-09-29 04:00,Kodaikanal,10.2381,77.4892,6,13,0.2,8,16,96,4,Calm
2026-09-29 04:00,Madurai,9.9252,78.1198,50,104,1.5,66,26,87,3,Calm
2026-09-29 04:00,Rameswaram,9.2876,79.3129,12,25,0.4,16,24,96,9,North-West
2026-09-29 04:00,Thoothukudi,8.7642,78.1348,60,123,1.6,74,26,90,9,North
2026-09-29 04:00,Tirunelveli,8.7139,77.7567,33,72,1.0,42,25,91,4,Calm
2026-09-29 04:00,Nagercoil,8.1833,77.4119,24,54,0.6,30,25,93,4,North-West
2026-09-29 04:00,Kanyakumari,8.0883,77.5385,12,27,0.3,15,24,96,10,West
2026-09-29 05:00,Guindy,13.0067,80.2206,61,126,1.8,72,26,88,3,Calm
2026-09-29 05:00,Marina Beach,13.05,80.2824,17,36,0.5,24,24,96,7,West
2026-09-29 05:00,Adyar,13.0012,80.2565,27,58,0.8,33,25,93,7,West
2026-09-29 05:00,T. Nagar,13.0418,80.2341,52,114,1.6,69,25,90,3,North-West
2026-09-29 05:00,Manali,13.1667,80.2667,78,171,2.0,97,26,88,2,North-West
2026-09-29 05:00,Ennore,13.2167,80.3167,72,158,2.0,86,25,94,6,North
2026-09-29 05:00,Sriperumbudur,12.9675,79.9419,55,115,1.6,75,25,90,2,North
2026-09-29 05:00,Kanchipuram,12.8342,79.7036,35,76,1.0,44,25,90,2,Calm
2026-09-29 05:00,Vellore,12.9165,79.1325,38,83,1.0,48,27,83,3,North-West
2026-09-29 05:00,Hosur,12.7409,77.8253,50,108,1.4,62,22,96,3,West
2026-09-29 05:00,Tiruvannamalai,12.2253,79.0747,29,62,0.8,37,27,84,3,West
2026-09-29 05:00,Cuddalore,11.748,79.7714,53,115,1.5,64,26,88,5,North-West
2026-09-29 05:00,Salem,11.6643,78.146,47,102,1.2,58,26,88,3,West
2026-09-29 05:00,Mettur,11.79,77.8,58,123,1.4,75,27,83,2,West
2026-09-29 05:00,Namakkal,11.2189,78.1674,32,71,1.0,43,25,91,3,North-West
2026-09-29 05:00,Erode,11.341,77.7172,43,94,1.3,55,26,90,2,West
2026-09-29 05:00,Tiruppur,11.1085,77.3411,54,119,1.5,77,25,89,2,North-West
2026-09-29 05:00,Coimbatore,11.0168,76.9558,40,83,1.3,56,24,95,3,Calm
2026-09-29 05:00,Pollachi,10.6609,77.0048,25,56,0.7,30,24,94,3,West
2026-09-29 05:00,Ooty,11.4102,76.695,8,17,0.2,9,15,96,4,West
2026-09-29 05:00,Karur,10.9601,78.0766,39,85,1.2,54,27,84,3,West
2026-09-29 05:00,Tiruchirappalli,10.7905,78.7047,48,103,1.4,56,27,86,4,West
2026-09-29 05:00,Thanjavur,10.787,79.1378,30,66,0.9,38,26,87,3,North
2026-09-29 05:00,Nagapattinam,10.7672,79.8449,25,53,0.8,34,24,96,8,West
2026-09-29 05:00,Dindigul,10.3673,77.9803,31,66,0.9,40,25,89,3,North
2026-09-29 05:00,Kodaikanal,10.2381,77.4892,6,13,0.2,8,16,96,3,West
2026-09-29 05:00,Madurai,9.9252,78.1198,53,116,1.6,61,27,85,3,Calm
2026-09-29 05:00,Rameswaram,9.2876,79.3129,13,28,0.4,18,25,95,8,North-West
2026-09-29 05:00,Thoothukudi,8.7642,78.1348,60,133,1.7,79,26,92,8,West
2026-09-29 05:00,Tirunelveli,8.7139,77.7567,34,73,1.0,39,26,88,3,Calm
2026-09-29 05:00,Nagercoil,8.1833,77.4119,26,55,0.7,34,24,95,5,North
2026-09-29 05:00,Kanyakumari,8.0883,77.5385,11,23,0.4,17,25,92,7,West
2026-09-29 06:00,Guindy,13.0067,80.2206,63,138,2.0,85,26,87,2,South-East
2026-09-29 06:00,Marina Beach,13.05,80.2824,18,38,0.5,22,25,93,8,South-East
2026-09-29 06:00,Adyar,13.0012,80.2565,31,65,0.9,43,25,94,5,South-East
2026-09-29 06:00,T. Nagar,13.0418,80.2341,60,125,1.8,68,26,88,3,South-West
2026-09-29 06:00,Manali,13.1667,80.2667,86,177,2.3,99,25,92,3,East
2026-09-29 06:00,Ennore,13.2167,80.3167,82,183,2.3,103,25,93,5,East
2026-09-29 06:00,Sriperumbudur,12.9675,79.9419,62,135,1.8,88,25,90,2,East
2026-09-29 06:00,Kanchipuram,12.8342,79.7036,44,96,1.1,56,26,88,2,South
2026-09-29 06:00,Vellore,12.9165,79.1325,42,86,1.1,58,27,86,3,East
2026-09-29 06:00,Hosur,12.7409,77.8253,57,126,1.5,73,23,95,3,South-East
2026-09-29 06:00,Tiruvannamalai,12.2253,79.0747,31,66,0.8,41,26,86,2,East
2026-09-29 06:00,Cuddalore,11.748,79.7714,53,116,1.8,80,25,91,5,South-East
2026-09-29 06:00,Salem,11.6643,78.146,53,111,1.5,62,25,92,3,South-East
2026-09-29 06:00,Mettur,11.79,77.8,64,132,1.8,82,27,87,2,East
2026-09-29 06:00,Namakkal,11.2189,78.1674,39,80,1.0,50,26,86,2,South-East
2026-09-29 06:00,Erode,11.341,77.7172,51,113,1.4,59,26,89,2,South-East
2026-09-29 06:00,Tiruppur,11.1085,77.3411,58,128,1.7,81,26,87,2,South-West
2026-09-29 06:00,Coimbatore,11.0168,76.9558,51,113,1.4,59,23,96,3,South
2026-09-29 06:00,Pollachi,10.6609,77.0048,29,64,0.7,33,24,95,4,South-East
2026-09-29 06:00,Ooty,11.4102,76.695,8,17,0.2,11,15,96,3,South
2026-09-29 06:00,Karur,10.9601,78.0766,43,90,1.4,60,27,84,2,South-East
2026-09-29 06:00,Tiruchirappalli,10.7905,78.7047,49,109,1.6,68,27,84,2,South-West
2026-09-29 06:00,Thanjavur,10.787,79.1378,36,75,1.0,48,25,92,3,South-West
2026-09-29 06:00,Nagapattinam,10.7672,79.8449,28,63,0.8,32,25,93,7,South-East
2026-09-29 06:00,Dindigul,10.3673,77.9803,36,75,1.0,47,26,88,3,South-East
2026-09-29 06:00,Kodaikanal,10.2381,77.4892,6,13,0.2,9,16,96,3,South-East
2026-09-29 06:00,Madurai,9.9252,78.1198,56,125,1.7,80,27,85,2,South
2026-09-29 06:00,Rameswaram,9.2876,79.3129,15,32,0.4,17,24,96,9,East
2026-09-29 06:00,Thoothukudi,8.7642,78.1348,69,144,2.1,84,25,93,7,East
2026-09-29 06:00,Tirunelveli,8.7139,77.7567,36,74,1.0,45,25,89,3,South-West
2026-09-29 06:00,Nagercoil,8.1833,77.4119,27,60,0.8,38,25,93,5,East
2026-09-29 06:00,Kanyakumari,8.0883,77.5385,13,28,0.4,19,25,93,7,East
2026-09-29 07:00,Guindy,13.0067,80.2206,80,168,2.4,99,27,86,2,East
2026-09-29 07:00,Marina Beach,13.05,80.2824,24,49,0.7,31,25,96,7,East
2026-09-29 07:00,Adyar,13.0012,80.2565,36,74,1.0,50,25,93,7,East
2026-09-29 07:00,T. Nagar,13.0418,80.2341,68,143,1.8,89,26,87,3,East
2026-09-29 07:00,Manali,13.1667,80.2667,102,228,3.1,123,26,86,3,South
2026-09-29 07:00,Ennore,13.2167,80.3167,100,208,2.7,111,26,91,6,East
2026-09-29 07:00,Sriperumbudur,12.9675,79.9419,84,178,2.1,92,26,87,3,South-East
2026-09-29 07:00,Kanchipuram,12.8342,79.7036,51,110,1.3,68,26,87,2,South
2026-09-29 07:00,Vellore,12.9165,79.1325,54,114,1.6,65,27,85,3,South-East
2026-09-29 07:00,Hosur,12.7409,77.8253,71,146,2.0,87,23,96,3,South
2026-09-29 07:00,Tiruvannamalai,12.2253,79.0747,38,85,1.0,45,27,84,3,South-West
2026-09-29 07:00,Cuddalore,11.748,79.7714,74,153,2.1,86,27,84,6,South-East
2026-09-29 07:00,Salem,11.6643,78.146,62,133,1.9,86,26,87,2,South-West
2026-09-29 07:00,Mettur,11.79,77.8,70,151,2.0,89,27,86,2,East
2026-09-29 07:00,Namakkal,11.2189,78.1674,47,105,1.3,61,26,86,3,South-East
2026-09-29 07:00,Erode,11.341,77.7172,58,121,1.5,77,26,89,2,South
2026-09-29 07:00,Tiruppur,11.1085,77.3411,72,160,2.3,95,26,89,3,South
2026-09-29 07:00,Coimbatore,11.0168,76.9558,55,119,1.8,67,24,94,4,South
2026-09-29 07:00,Pollachi,10.6609,77.0048,33,71,0.9,39,24,96,4,South
2026-09-29 07:00,Ooty,11.4102,76.695,10,22,0.3,14,15,96,4,South-West
2026-09-29 07:00,Karur,10.9601,78.0766,53,114,1.5,62,28,81,2,East
2026-09-29 07:00,Tiruchirappalli,10.7905,78.7047,60,130,1.9,71,28,83,3,South-West
2026-09-29 07:00,Thanjavur,10.787,79.1378,41,90,1.1,57,26,86,3,South-West
2026-09-29 07:00,Nagapattinam,10.7672,79.8449,33,73,0.9,39,26,90,6,East
2026-09-29 07:00,Dindigul,10.3673,77.9803,39,84,1.2,49,26,90,3,South-West
2026-09-29 07:00,Kodaikanal,10.2381,77.4892,8,17,0.2,12,16,96,3,South
2026-09-29 07:00,Madurai,9.9252,78.1198,72,160,2.0,98,27,85,3,South
2026-09-29 07:00,Rameswaram,9.2876,79.3129,18,40,0.6,22,25,94,7,East
2026-09-29 07:00,Thoothukudi,8.7642,78.1348,76,162,2.3,95,26,92,8,East
2026-09-29 07:00,Tirunelveli,8.7139,77.7567,46,102,1.4,62,26,89,3,South
2026-09-29 07:00,Nagercoil,8.1833,77.4119,33,73,0.9,39,25,90,4,East
2026-09-29 07:00,Kanyakumari,8.0883,77.5385,16,34,0.5,19,25,95,8,South-East
2026-09-29 08:00,Guindy,13.0067,80.2206,96,210,2.8,125,30,72,1,East
2026-09-29 08:00,Marina Beach,13.05,80.2824,25,52,0.6,30,28,80,12,East
2026-09-29 08:00,Adyar,13.0012,80.2565,42,92,1.2,57,26,90,6,East
2026-09-29 08:00,T. Nagar,13.0418,80.2341,81,169,2.4,117,26,90,3,South-East
2026-09-29 08:00,Manali,13.1667,80.2667,119,252,3.3,169,26,86,2,East
2026-09-29 08:00,Ennore,13.2167,80.3167,114,242,3.3,145,26,89,7,East
2026-09-29 08:00,Sriperumbudur,12.9675,79.9419,100,219,2.9,117,27,83,3,South
2026-09-29 08:00,Kanchipuram,12.8342,79.7036,62,134,1.8,79,27,85,3,South-East
2026-09-29 08:00,Vellore,12.9165,79.1325,63,130,1.8,82,27,84,4,South-East
2026-09-29 08:00,Hosur,12.7409,77.8253,77,170,2.4,103,23,96,3,South
2026-09-29 08:00,Tiruvannamalai,12.2253,79.0747,43,92,1.3,55,27,86,3,South-West
2026-09-29 08:00,Cuddalore,11.748,79.7714,81,171,2.4,113,26,89,6,South-East
2026-09-29 08:00,Salem,11.6643,78.146,71,158,2.2,103,26,88,4,East
2026-09-29 08:00,Mettur,11.79,77.8,81,170,2.7,109,28,81,3,South-West
2026-09-29 08:00,Namakkal,11.2189,78.1674,54,116,1.6,68,26,88,3,East
2026-09-29 08:00,Erode,11.341,77.7172,70,151,1.8,86,26,88,3,South-East
2026-09-29 08:00,Tiruppur,11.1085,77.3411,94,202,2.5,116,27,84,3,East
2026-09-29 08:00,Coimbatore,11.0168,76.9558,65,137,2.1,94,25,90,4,South
2026-09-29 08:00,Pollachi,10.6609,77.0048,41,92,1.2,49,24,94,4,South-East
2026-09-29 08:00,Ooty,11.4102,76.695,12,25,0.3,14,16,96,4,South-West
2026-09-29 08:00,Karur,10.9601,78.0766,59,121,1.9,83,28,81,3,East
2026-09-29 08:00,Tiruchirappalli,10.7905,78.7047,75,157,2.1,95,27,86,3,South-East
2026-09-29 08:00,Thanjavur,10.787,79.1378,49,104,1.3,59,27,84,3,South-East
2026-09-29 08:00,Nagapattinam,10.7672,79.8449,42,90,1.1,50,26,91,8,South-East
2026-09-29 08:00,Dindigul,10.3673,77.9803,46,96,1.3,57,27,86,4,East
2026-09-29 08:00,Kodaikanal,10.2381,77.4892,10,21,0.3,11,17,96,5,South-West
2026-09-29 08:00,Madurai,9.9252,78.1198,77,162,2.2,100,28,81,3,South-West
2026-09-29 08:00,Rameswaram,9.2876,79.3129,21,46,0.7,28,26,90,9,East
2026-09-29 08:00,Thoothukudi,8.7642,78.1348,96,204,2.9,114,27,86,7,East
2026-09-29 08:00,Tirunelveli,8.7139,77.7567,51,114,1.5,70,26,88,4,South-West
2026-09-29 08:00,Nagercoil,8.1833,77.4119,40,90,1.1,54,26,88,5,South
2026-09-29 08:00,Kanyakumari,8.0883,77.5385,19,39,0.6,24,25,94,7,South-East
2026-09-29 09:00,Guindy,13.0067,80.2206,115,230,3.1,140,31,74,1,East
2026-09-29 09:00,Marina Beach,13.05,80.2824,22,48,0.5,26,29,78,14,East
2026-09-29 09:00,Adyar,13.0012,80.2565,48,107,1.5,62,26,92,8,East
2026-09-29 09:00,T. Nagar,13.0418,80.2341,91,190,2.7,106,27,85,4,South-West
2026-09-29 09:00,Manali,13.1667,80.2667,121,265,3.5,152,28,83,4,South-East
2026-09-29 09:00,Ennore,13.2167,80.3167,117,255,3.2,157,26,89,7,East
2026-09-29 09:00,Sriperumbudur,12.9675,79.9419,103,213,2.7,136,27,84,4,South-West
2026-09-29 09:00,Kanchipuram,12.8342,79.7036,66,147,1.9,75,27,83,4,South
2026-09-29 09:00,Vellore,12.9165,79.1325,72,148,2.0,87,29,78,4,East
2026-09-29 09:00,Hosur,12.7409,77.8253,80,166,2.6,113,25,89,3,South-East
2026-09-29 09:00,Tiruvannamalai,12.2253,79.0747,47,103,1.3,64,28,82,4,South-East
2026-09-29 09:00,Cuddalore,11.748,79.7714,90,197,2.4,113,27,86,6,South-East
2026-09-29 09:00,Salem,11.6643,78.146,84,187,2.3,105,28,83,3,South
2026-09-29 09:00,Mettur,11.79,77.8,90,201,2.8,111,28,81,4,South-East
2026-09-29 09:00,Namakkal,11.2189,78.1674,56,116,1.8,73,28,83,4,South-West
2026-09-29 09:00,Erode,11.341,77.7172,73,160,2.0,98,28,83,4,South-East
2026-09-29 09:00,Tiruppur,11.1085,77.3411,87,191,2.9,116,27,87,4,South
2026-09-29 09:00,Coimbatore,11.0168,76.9558,70,144,2.0,93,25,90,4,South-West
2026-09-29 09:00,Pollachi,10.6609,77.0048,43,90,1.1,54,25,93,5,South
2026-09-29 09:00,Ooty,11.4102,76.695,12,26,0.4,15,16,96,4,South-East
2026-09-29 09:00,Karur,10.9601,78.0766,70,146,2.1,94,28,81,4,East
2026-09-29 09:00,Tiruchirappalli,10.7905,78.7047,77,161,2.0,97,28,83,4,East
2026-09-29 09:00,Thanjavur,10.787,79.1378,50,107,1.5,65,27,83,4,South-West
2026-09-29 09:00,Nagapattinam,10.7672,79.8449,39,86,1.3,55,26,90,9,East
2026-09-29 09:00,Dindigul,10.3673,77.9803,55,116,1.5,62,27,85,4,South
2026-09-29 09:00,Kodaikanal,10.2381,77.4892,11,23,0.3,12,17,96,4,South-East
2026-09-29 09:00,Madurai,9.9252,78.1198,83,182,2.4,117,28,83,4,South-East
2026-09-29 09:00,Rameswaram,9.2876,79.3129,23,50,0.6,32,26,89,11,East
2026-09-29 09:00,Thoothukudi,8.7642,78.1348,112,251,3.0,135,27,87,10,East
2026-09-29 09:00,Tirunelveli,8.7139,77.7567,54,113,1.5,76,27,87,5,South-West
2026-09-29 09:00,Nagercoil,8.1833,77.4119,40,88,1.1,58,27,87,6,South
2026-09-29 09:00,Kanyakumari,8.0883,77.5385,20,41,0.6,29,26,89,12,East
2026-09-29 10:00,Guindy,13.0067,80.2206,103,215,2.7,123,28,81,3,East
2026-09-29 10:00,Marina Beach,13.05,80.2824,27,58,0.8,35,27,87,12,East
2026-09-29 10:00,Adyar,13.0012,80.2565,46,95,1.3,57,27,87,11,East
2026-09-29 10:00,T. Nagar,13.0418,80.2341,85,177,2.5,107,28,83,4,South-West
2026-09-29 10:00,Manali,13.1667,80.2667,125,260,3.5,158,29,78,4,South-West
2026-09-29 10:00,Ennore,13.2167,80.3167,110,228,3.0,155,27,85,10,South-East
2026-09-29 10:00,Sriperumbudur,12.9675,79.9419,94,196,2.7,124,28,82,4,East
2026-09-29 10:00,Kanchipuram,12.8342,79.7036,60,134,1.7,80,28,83,3,East
2026-09-29 10:00,Vellore,12.9165,79.1325,64,143,1.8,80,29,79,5,South-East
2026-09-29 10:00,Hosur,12.7409,77.8253,78,172,2.1,105,25,90,4,East
2026-09-29 10:00,Tiruvannamalai,12.2253,79.0747,45,101,1.2,52,29,80,3,South-East
2026-09-29 10:00,Cuddalore,11.748,79.7714,83,185,2.5,99,28,83,9,East
2026-09-29 10:00,Salem,11.6643,78.146,77,160,2.0,98,29,80,3,South
2026-09-29 10:00,Mettur,11.79,77.8,82,177,2.6,104,30,77,4,South-East
2026-09-29 10:00,Namakkal,11.2189,78.1674,55,113,1.7,68,29,79,3,South
2026-09-29 10:00,Erode,11.341,77.7172,65,140,1.9,91,28,80,5,South
2026-09-29 10:00,Tiruppur,11.1085,77.3411,94,193,2.4,104,28,83,5,East
2026-09-29 10:00,Coimbatore,11.0168,76.9558,63,137,2.0,89,27,87,6,South-West
2026-09-29 10:00,Pollachi,10.6609,77.0048,38,85,1.1,46,26,87,7,East
2026-09-29 10:00,Ooty,11.4102,76.695,11,24,0.3,14,17,96,5,South
2026-09-29 10:00,Karur,10.9601,78.0766,64,135,1.6,80,30,74,4,South-East
2026-09-29 10:00,Tiruchirappalli,10.7905,78.7047,70,147,2.1,89,29,79,5,East
2026-09-29 10:00,Thanjavur,10.787,79.1378,52,116,1.3,59,28,82,4,South
2026-09-29 10:00,Nagapattinam,10.7672,79.8449,41,86,1.2,46,27,89,10,South-East
2026-09-29 10:00,Dindigul,10.3673,77.9803,49,107,1.3,63,28,80,4,South
2026-09-29 10:00,Kodaikanal,10.2381,77.4892,10,22,0.3,13,19,96,4,South-East
2026-09-29 10:00,Madurai,9.9252,78.1198,76,169,2.3,105,29,78,4,East
2026-09-29 10:00,Rameswaram,9.2876,79.3129,20,44,0.6,28,27,90,10,East
2026-09-29 10:00,Thoothukudi,8.7642,78.1348,98,202,2.6,127,29,81,12,East
2026-09-29 10:00,Tirunelveli,8.7139,77.7567,55,123,1.6,66,28,84,5,South-East
2026-09-29 10:00,Nagercoil,8.1833,77.4119,40,84,1.0,45,27,87,6,East
2026-09-29 10:00,Kanyakumari,8.0883,77.5385,18,40,0.6,25,27,89,13,South-East
2026-09-29 11:00,Guindy,13.0067,80.2206,83,170,2.2,106,29,78,3,South
2026-09-29 11:00,Marina Beach,13.05,80.2824,22,48,0.7,28,28,84,11,East
2026-09-29 11:00,Adyar,13.0012,80.2565,38,79,1.1,49,29,80,12,East
2026-09-29 11:00,T. Nagar,13.0418,80.2341,63,133,2.0,84,29,80,6,South-East
2026-09-29 11:00,Manali,13.1667,80.2667,93,194,2.6,135,29,80,4,South-East
2026-09-29 11:00,Ennore,13.2167,80.3167,94,204,2.5,124,28,84,10,South-East
2026-09-29 11:00,Sriperumbudur,12.9675,79.9419,78,168,2.3,99,29,79,4,South
2026-09-29 11:00,Kanchipuram,12.8342,79.7036,44,94,1.4,65,29,81,4,East
2026-09-29 11:00,Vellore,12.9165,79.1325,56,122,1.4,67,30,77,4,South
2026-09-29 11:00,Hosur,12.7409,77.8253,66,147,2.0,88,26,88,5,South-East
2026-09-29 11:00,Tiruvannamalai,12.2253,79.0747,36,80,1.0,50,31,72,4,East
2026-09-29 11:00,Cuddalore,11.748,79.7714,64,141,1.8,90,29,82,8,East
2026-09-29 11:00,Salem,11.6643,78.146,59,132,1.9,79,29,78,4,South-West
2026-09-29 11:00,Mettur,11.79,77.8,69,146,2.0,91,30,77,4,South-East
2026-09-29 11:00,Namakkal,11.2189,78.1674,44,98,1.3,62,29,78,4,East
2026-09-29 11:00,Erode,11.341,77.7172,56,125,1.5,75,29,79,5,South-East
2026-09-29 11:00,Tiruppur,11.1085,77.3411,76,167,1.9,97,29,79,4,South
2026-09-29 11:00,Coimbatore,11.0168,76.9558,58,128,1.5,78,27,84,6,South
2026-09-29 11:00,Pollachi,10.6609,77.0048,30,63,0.9,38,27,87,7,South
2026-09-29 11:00,Ooty,11.4102,76.695,10,21,0.3,13,18,96,6,South-East
2026-09-29 11:00,Karur,10.9601,78.0766,53,116,1.6,61,31,71,4,South-West
2026-09-29 11:00,Tiruchirappalli,10.7905,78.7047,64,138,1.5,73,30,77,5,East
2026-09-29 11:00,Thanjavur,10.787,79.1378,40,89,1.2,47,30,78,7,South-East
2026-09-29 11:00,Nagapattinam,10.7672,79.8449,33,69,0.9,39,28,82,12,East
2026-09-29 11:00,Dindigul,10.3673,77.9803,42,94,1.1,50,29,79,5,South
2026-09-29 11:00,Kodaikanal,10.2381,77.4892,8,18,0.2,11,19,96,5,South-East
2026-09-29 11:00,Madurai,9.9252,78.1198,67,143,1.9,81,31,71,5,South
2026-09-29 11:00,Rameswaram,9.2876,79.3129,18,40,0.6,24,28,83,14,East
2026-09-29 11:00,Thoothukudi,8.7642,78.1348,85,175,2.4,99,29,82,11,East
2026-09-29 11:00,Tirunelveli,8.7139,77.7567,44,96,1.2,55,29,79,6,South-West
2026-09-29 11:00,Nagercoil,8.1833,77.4119,31,64,1.0,39,28,84,6,South-East
2026-09-29 11:00,Kanyakumari,8.0883,77.5385,17,37,0.4,22,29,81,13,East
2026-09-29 12:00,Guindy,13.0067,80.2206,68,140,1.9,79,30,74,4,South-East
2026-09-29 12:00,Marina Beach,13.05,80.2824,17,37,0.5,25,30,80,17,South-East
2026-09-29 12:00,Adyar,13.0012,80.2565,28,62,0.9,34,29,80,9,South-East
2026-09-29 12:00,T. Nagar,13.0418,80.2341,55,118,1.5,71,30,75,5,East
2026-09-29 12:00,Manali,13.1667,80.2667,78,167,2.4,107,30,77,4,South-East
2026-09-29 12:00,Ennore,13.2167,80.3167,74,159,2.2,89,29,78,9,East
2026-09-29 12:00,Sriperumbudur,12.9675,79.9419,58,125,1.9,73,30,76,5,South-West
2026-09-29 12:00,Kanchipuram,12.8342,79.7036,40,84,1.1,52,30,75,4,South-West
2026-09-29 12:00,Vellore,12.9165,79.1325,40,82,1.2,58,31,73,4,South-East
2026-09-29 12:00,Hosur,12.7409,77.8253,50,108,1.6,61,28,83,5,South-East
2026-09-29 12:00,Tiruvannamalai,12.2253,79.0747,28,58,0.9,36,31,73,5,East
2026-09-29 12:00,Cuddalore,11.748,79.7714,50,108,1.7,72,30,79,8,East
2026-09-29 12:00,Salem,11.6643,78.146,47,101,1.4,65,30,77,4,East
2026-09-29 12:00,Mettur,11.79,77.8,61,129,1.6,71,31,71,5,East
2026-09-29 12:00,Namakkal,11.2189,78.1674,33,68,1.0,45,30,77,5,South-West
2026-09-29 12:00,Erode,11.341,77.7172,47,102,1.3,61,30,75,4,South-East
2026-09-29 12:00,Tiruppur,11.1085,77.3411,55,115,1.8,69,30,76,4,South-West
2026-09-29 12:00,Coimbatore,11.0168,76.9558,42,93,1.3,57,28,80,5,South-West
2026-09-29 12:00,Pollachi,10.6609,77.0048,26,58,0.7,31,28,83,6,South-West
2026-09-29 12:00,Ooty,11.4102,76.695,8,18,0.2,11,19,96,6,East
2026-09-29 12:00,Karur,10.9601,78.0766,43,88,1.1,58,31,71,4,South-West
2026-09-29 12:00,Tiruchirappalli,10.7905,78.7047,46,101,1.4,62,31,75,5,South-East
2026-09-29 12:00,Thanjavur,10.787,79.1378,29,62,0.9,37,31,71,6,South-East
2026-09-29 12:00,Nagapattinam,10.7672,79.8449,23,50,0.8,30,29,82,13,East
2026-09-29 12:00,Dindigul,10.3673,77.9803,32,67,1.0,42,30,76,5,East
2026-09-29 12:00,Kodaikanal,10.2381,77.4892,7,15,0.2,8,21,96,5,East
2026-09-29 12:00,Madurai,9.9252,78.1198,57,118,1.4,68,31,74,6,South-East
2026-09-29 12:00,Rameswaram,9.2876,79.3129,13,27,0.4,17,30,79,12,East
2026-09-29 12:00,Thoothukudi,8.7642,78.1348,61,127,1.7,84,30,77,11,East
2026-09-29 12:00,Tirunelveli,8.7139,77.7567,34,74,0.9,48,30,78,7,East
2026-09-29 12:00,Nagercoil,8.1833,77.4119,24,51,0.8,32,30,75,8,South
2026-09-29 12:00,Kanyakumari,8.0883,77.5385,13,28,0.3,15,29,83,15,East
2026-09-29 13:00,Guindy,13.0067,80.2206,52,110,1.5,61,30,74,3,South
2026-09-29 13:00,Marina Beach,13.05,80.2824,13,28,0.4,18,30,78,15,South-East
2026-09-29 13:00,Adyar,13.0012,80.2565,24,53,0.7,31,29,79,10,East
2026-09-29 13:00,T. Nagar,13.0418,80.2341,41,88,1.2,58,30,76,5,South
2026-09-29 13:00,Manali,13.1667,80.2667,67,147,1.8,85,30,74,5,South-West
2026-09-29 13:00,Ennore,13.2167,80.3167,57,120,1.6,72,29,79,9,South-East
2026-09-29 13:00,Sriperumbudur,12.9675,79.9419,49,102,1.4,63,31,72,4,South-East
2026-09-29 13:00,Kanchipuram,12.8342,79.7036,33,74,0.9,40,30,74,4,East
2026-09-29 13:00,Vellore,12.9165,79.1325,33,73,1.0,45,31,74,4,South
2026-09-29 13:00,Hosur,12.7409,77.8253,44,94,1.2,49,28,80,5,South-East
2026-09-29 13:00,Tiruvannamalai,12.2253,79.0747,22,48,0.7,31,31,72,5,East
2026-09-29 13:00,Cuddalore,11.748,79.7714,41,89,1.3,60,31,76,9,East
2026-09-29 13:00,Salem,11.6643,78.146,36,81,1.1,49,30,75,5,South-East
2026-09-29 13:00,Mettur,11.79,77.8,44,93,1.2,56,31,72,5,East
2026-09-29 13:00,Namakkal,11.2189,78.1674,30,64,0.8,38,31,74,5,South-East
2026-09-29 13:00,Erode,11.341,77.7172,38,78,1.0,46,31,75,5,South-West
2026-09-29 13:00,Tiruppur,11.1085,77.3411,48,106,1.2,64,31,74,5,South-East
2026-09-29 13:00,Coimbatore,11.0168,76.9558,36,80,1.1,50,29,81,6,East
2026-09-29 13:00,Pollachi,10.6609,77.0048,19,42,0.6,28,29,78,6,South-East
2026-09-29 13:00,Ooty,11.4102,76.695,7,15,0.2,9,19,96,5,South
2026-09-29 13:00,Karur,10.9601,78.0766,35,75,0.9,44,32,69,5,South-West
2026-09-29 13:00,Tiruchirappalli,10.7905,78.7047,40,82,1.1,45,31,74,5,South
2026-09-29 13:00,Thanjavur,10.787,79.1378,26,55,0.7,32,31,74,5,East
2026-09-29 13:00,Nagapattinam,10.7672,79.8449,22,46,0.6,26,30,77,10,East
2026-09-29 13:00,Dindigul,10.3673,77.9803,25,56,0.7,32,30,75,5,South-West
2026-09-29 13:00,Kodaikanal,10.2381,77.4892,6,13,0.2,8,21,96,7,South-West
2026-09-29 13:00,Madurai,9.9252,78.1198,44,90,1.2,61,32,71,5,South
2026-09-29 13:00,Rameswaram,9.2876,79.3129,12,27,0.3,15,30,77,15,South-East
2026-09-29 13:00,Thoothukudi,8.7642,78.1348,53,109,1.5,65,31,75,13,East
2026-09-29 13:00,Tirunelveli,8.7139,77.7567,30,66,0.7,38,31,74,5,East
2026-09-29 13:00,Nagercoil,8.1833,77.4119,21,45,0.6,29,30,78,6,South
2026-09-29 13:00,Kanyakumari,8.0883,77.5385,10,21,0.3,13,29,83,13,East
2026-09-29 14:00,Guindy,13.0067,80.2206,43,93,1.4,59,31,74,3,South-West
2026-09-29 14:00,Marina Beach,13.05,80.2824,13,29,0.4,16,31,77,14,South-East
2026-09-29 14:00,Adyar,13.0012,80.2565,20,44,0.6,24,30,79,8,East
2026-09-29 14:00,T. Nagar,13.0418,80.2341,36,79,1.0,47,30,75,4,South
2026-09-29 14:00,Manali,13.1667,80.2667,60,125,1.5,78,31,72,4,East
2026-09-29 14:00,Ennore,13.2167,80.3167,53,112,1.4,70,30,76,10,East
2026-09-29 14:00,Sriperumbudur,12.9675,79.9419,43,92,1.1,59,30,75,4,South-West
2026-09-29 14:00,Kanchipuram,12.8342,79.7036,28,59,0.7,37,31,72,4,South
2026-09-29 14:00,Vellore,12.9165,79.1325,29,60,0.8,39,32,70,4,South-East
2026-09-29 14:00,Hosur,12.7409,77.8253,38,85,0.9,47,28,83,5,South
2026-09-29 14:00,Tiruvannamalai,12.2253,79.0747,19,40,0.6,27,32,69,5,South
2026-09-29 14:00,Cuddalore,11.748,79.7714,38,82,1.1,53,31,73,9,East
2026-09-29 14:00,Salem,11.6643,78.146,35,78,0.9,42,30,75,4,South-East
2026-09-29 14:00,Mettur,11.79,77.8,41,87,1.2,50,32,71,5,South-East
2026-09-29 14:00,Namakkal,11.2189,78.1674,24,53,0.7,29,31,71,5,South-West
2026-09-29 14:00,Erode,11.341,77.7172,33,69,0.9,42,31,72,3,South
2026-09-29 14:00,Tiruppur,11.1085,77.3411,41,91,1.1,50,31,74,3,East
2026-09-29 14:00,Coimbatore,11.0168,76.9558,32,66,1.0,39,28,83,4,South
2026-09-29 14:00,Pollachi,10.6609,77.0048,18,40,0.5,24,28,83,6,South-West
2026-09-29 14:00,Ooty,11.4102,76.695,6,13,0.2,8,20,96,6,South-East
2026-09-29 14:00,Karur,10.9601,78.0766,28,63,0.8,39,32,68,5,South
2026-09-29 14:00,Tiruchirappalli,10.7905,78.7047,33,68,1.0,45,32,70,5,South-West
2026-09-29 14:00,Thanjavur,10.787,79.1378,21,47,0.7,31,32,70,6,East
2026-09-29 14:00,Nagapattinam,10.7672,79.8449,18,39,0.5,25,30,79,9,East
2026-09-29 14:00,Dindigul,10.3673,77.9803,21,44,0.7,26,31,71,5,South-East
2026-09-29 14:00,Kodaikanal,10.2381,77.4892,6,13,0.2,8,21,96,4,East
2026-09-29 14:00,Madurai,9.9252,78.1198,35,73,1.0,53,32,71,4,South
2026-09-29 14:00,Rameswaram,9.2876,79.3129,10,22,0.3,12,30,80,13,East
2026-09-29 14:00,Thoothukudi,8.7642,78.1348,48,106,1.3,53,31,74,12,East
2026-09-29 14:00,Tirunelveli,8.7139,77.7567,25,52,0.7,31,31,75,6,South
2026-09-29 14:00,Nagercoil,8.1833,77.4119,18,38,0.5,21,30,78,8,South-West
2026-09-29 14:00,Kanyakumari,8.0883,77.5385,9,20,0.2,12,30,77,10,East
2026-09-29 15:00,Guindy,13.0067,80.2206,40,89,1.4,51,31,71,3,East
2026-09-29 15:00,Marina Beach,13.05,80.2824,13,28,0.4,16,30,81,9,East
2026-09-29 15:00,Adyar,13.0012,80.2565,21,45,0.5,26,29,80,8,East
2026-09-29 15:00,T. Nagar,13.0418,80.2341,39,84,1.1,51,30,77,5,South-East
2026-09-29 15:00,Manali,13.1667,80.2667,56,120,1.7,71,30,76,3,South-East
2026-09-29 15:00,Ennore,13.2167,80.3167,52,116,1.3,65,30,76,8,East
2026-09-29 15:00,Sriperumbudur,12.9675,79.9419,40,89,1.1,48,31,72,4,South-East
2026-09-29 15:00,Kanchipuram,12.8342,79.7036,27,56,0.8,34,31,71,4,South-West
2026-09-29 15:00,Vellore,12.9165,79.1325,29,60,0.9,38,31,74,3,South
2026-09-29 15:00,Hosur,12.7409,77.8253,33,73,1.1,49,27,86,4,East
2026-09-29 15:00,Tiruvannamalai,12.2253,79.0747,20,43,0.6,27,31,71,4,South
2026-09-29 15:00,Cuddalore,11.748,79.7714,37,81,1.1,45,30,77,8,East
2026-09-29 15:00,Salem,11.6643,78.146,31,68,0.9,41,30,78,4,South
2026-09-29 15:00,Mettur,11.79,77.8,40,83,1.1,54,32,68,3,South
2026-09-29 15:00,Namakkal,11.2189,78.1674,25,52,0.7,34,31,71,3,East
2026-09-29 15:00,Erode,11.341,77.7172,31,68,0.8,38,31,74,4,South-East
2026-09-29 15:00,Tiruppur,11.1085,77.3411,42,92,1.2,55,31,74,3,South-East
2026-09-29 15:00,Coimbatore,11.0168,76.9558,32,68,0.9,37,29,79,5,South
2026-09-29 15:00,Pollachi,10.6609,77.0048,18,40,0.5,22,28,81,6,South-West
2026-09-29 15:00,Ooty,11.4102,76.695,6,13,0.2,8,19,96,4,East
2026-09-29 15:00,Karur,10.9601,78.0766,28,60,0.8,39,31,74,3,South
2026-09-29 15:00,Tiruchirappalli,10.7905,78.7047,34,73,0.9,45,32,71,4,East
2026-09-29 15:00,Thanjavur,10.787,79.1378,23,48,0.6,29,31,75,4,East
2026-09-29 15:00,Nagapattinam,10.7672,79.8449,18,38,0.5,24,30,78,8,East
2026-09-29 15:00,Dindigul,10.3673,77.9803,22,48,0.6,31,30,76,4,East
2026-09-29 15:00,Kodaikanal,10.2381,77.4892,6,13,0.2,8,21,96,4,East
2026-09-29 15:00,Madurai,9.9252,78.1198,38,83,1.0,43,31,71,4,South-East
2026-09-29 15:00,Rameswaram,9.2876,79.3129,10,22,0.3,12,30,80,10,East
2026-09-29 15:00,Thoothukudi,8.7642,78.1348,42,89,1.3,52,31,77,11,East
2026-09-29 15:00,Tirunelveli,8.7139,77.7567,23,51,0.6,33,30,78,5,South
2026-09-29 15:00,Nagercoil,8.1833,77.4119,17,35,0.5,24,29,80,6,South
2026-09-29 15:00,Kanyakumari,8.0883,77.5385,8,17,0.2,12,30,79,10,East
2026-09-29 16:00,Guindy,13.0067,80.2206,46,97,1.3,69,31,72,3,South-East
2026-09-29 16:00,Marina Beach,13.05,80.2824,13,29,0.4,17,29,80,8,East
2026-09-29 16:00,Adyar,13.0012,80.2565,21,45,0.7,27,29,80,7,South-East
2026-09-29 16:00,T. Nagar,13.0418,80.2341,40,89,1.1,49,30,76,3,South
2026-09-29 16:00,Manali,13.1667,80.2667,57,122,1.6,79,30,74,3,South-West
2026-09-29 16:00,Ennore,13.2167,80.3167,61,136,1.6,67,29,79,6,East
2026-09-29 16:00,Sriperumbudur,12.9675,79.9419,50,108,1.2,57,30,76,3,South-West
2026-09-29 16:00,Kanchipuram,12.8342,79.7036,28,63,0.8,36,30,77,3,East
2026-09-29 16:00,Vellore,12.9165,79.1325,32,69,1.0,44,31,74,3,East
2026-09-29 16:00,Hosur,12.7409,77.8253,38,83,1.1,47,28,82,3,East
2026-09-29 16:00,Tiruvannamalai,12.2253,79.0747,23,51,0.7,29,31,71,3,South-West
2026-09-29 16:00,Cuddalore,11.748,79.7714,43,89,1.2,53,31,74,5,South-East
2026-09-29 16:00,Salem,11.6643,78.146,38,83,1.1,43,30,77,3,East
2026-09-29 16:00,Mettur,11.79,77.8,43,97,1.4,55,31,72,3,East
2026-09-29 16:00,Namakkal,11.2189,78.1674,28,57,0.8,33,30,76,4,South-West
2026-09-29 16:00,Erode,11.341,77.7172,35,73,1.1,42,30,75,3,South
2026-09-29 16:00,Tiruppur,11.1085,77.3411,42,94,1.2,56,30,76,2,South
2026-09-29 16:00,Coimbatore,11.0168,76.9558,36,76,1.1,41,28,83,4,South-West
2026-09-29 16:00,Pollachi,10.6609,77.0048,19,40,0.5,28,28,81,4,South
2026-09-29 16:00,Ooty,11.4102,76.695,6,12,0.2,8,19,96,4,South-East
2026-09-29 16:00,Karur,10.9601,78.0766,34,76,0.9,45,31,71,4,East
2026-09-29 16:00,Tiruchirappalli,10.7905,78.7047,40,89,1.0,50,31,72,3,South-West
2026-09-29 16:00,Thanjavur,10.787,79.1378,26,57,0.7,32,30,75,4,South
2026-09-29 16:00,Nagapattinam,10.7672,79.8449,21,47,0.5,23,30,78,7,South-East
2026-09-29 16:00,Dindigul,10.3673,77.9803,25,53,0.8,30,30,77,3,South-West
2026-09-29 16:00,Kodaikanal,10.2381,77.4892,6,13,0.2,8,20,96,5,South-East
2026-09-29 16:00,Madurai,9.9252,78.1198,42,89,1.3,59,31,75,4,South-West
2026-09-29 16:00,Rameswaram,9.2876,79.3129,12,27,0.3,15,29,82,10,East
2026-09-29 16:00,Thoothukudi,8.7642,78.1348,53,115,1.5,59,30,80,9,East
2026-09-29 16:00,Tirunelveli,8.7139,77.7567,27,58,0.7,35,30,77,4,South-West
2026-09-29 16:00,Nagercoil,8.1833,77.4119,20,44,0.6,25,29,80,5,South-East
2026-09-29 16:00,Kanyakumari,8.0883,77.5385,10,22,0.3,12,29,81,8,East
2026-09-29 17:00,Guindy,13.0067,80.2206,64,142,1.9,82,29,77,2,South
2026-09-29 17:00,Marina Beach,13.05,80.2824,16,35,0.5,21,28,84,7,East
2026-09-29 17:00,Adyar,13.0012,80.2565,26,54,0.9,40,28,83,6,South-East
2026-09-29 17:00,T. Nagar,13.0418,80.2341,52,114,1.6,67,30,75,3,East
2026-09-29 17:00,Manali,13.1667,80.2667,80,175,2.1,107,29,78,3,South-East
2026-09-29 17:00,Ennore,13.2167,80.3167,74,166,2.2,98,29,80,5,East
2026-09-29 17:00,Sriperumbudur,12.9675,79.9419,57,126,1.8,71,29,78,3,South-West
2026-09-29 17:00,Kanchipuram,12.8342,79.7036,40,84,1.0,50,29,77,2,South-East
2026-09-29 17:00,Vellore,12.9165,79.1325,38,83,1.1,50,30,76,3,East
2026-09-29 17:00,Hosur,12.7409,77.8253,48,99,1.4,61,26,88,3,South-East
2026-09-29 17:00,Tiruvannamalai,12.2253,79.0747,27,57,0.8,35,30,75,3,South
2026-09-29 17:00,Cuddalore,11.748,79.7714,53,114,1.5,73,29,80,5,East
2026-09-29 17:00,Salem,11.6643,78.146,45,101,1.5,60,29,77,3,South
2026-09-29 17:00,Mettur,11.79,77.8,58,124,1.6,67,30,76,3,East
2026-09-29 17:00,Namakkal,11.2189,78.1674,33,72,0.9,43,29,80,3,South
2026-09-29 17:00,Erode,11.341,77.7172,44,97,1.3,55,29,80,2,South
2026-09-29 17:00,Tiruppur,11.1085,77.3411,53,118,1.8,74,29,80,2,East
2026-09-29 17:00,Coimbatore,11.0168,76.9558,47,103,1.2,57,27,86,4,East
2026-09-29 17:00,Pollachi,10.6609,77.0048,23,51,0.7,33,27,85,4,South-West
2026-09-29 17:00,Ooty,11.4102,76.695,7,15,0.2,10,18,96,3,East
2026-09-29 17:00,Karur,10.9601,78.0766,38,85,1.3,55,30,75,2,South
2026-09-29 17:00,Tiruchirappalli,10.7905,78.7047,49,104,1.3,64,30,78,3,South
2026-09-29 17:00,Thanjavur,10.787,79.1378,33,68,0.9,43,29,81,4,South
2026-09-29 17:00,Nagapattinam,10.7672,79.8449,24,53,0.7,30,28,85,8,South-East
2026-09-29 17:00,Dindigul,10.3673,77.9803,29,64,0.9,44,30,75,3,South
2026-09-29 17:00,Kodaikanal,10.2381,77.4892,7,15,0.2,8,19,96,3,South-West
2026-09-29 17:00,Madurai,9.9252,78.1198,56,123,1.6,75,31,74,2,South-East
2026-09-29 17:00,Rameswaram,9.2876,79.3129,14,31,0.4,18,28,86,7,South-East
2026-09-29 17:00,Thoothukudi,8.7642,78.1348,65,134,1.9,76,29,82,8,East
2026-09-29 17:00,Tirunelveli,8.7139,77.7567,36,80,1.1,49,29,79,4,South-East
2026-09-29 17:00,Nagercoil,8.1833,77.4119,26,55,0.7,30,29,81,4,South
2026-09-29 17:00,Kanyakumari,8.0883,77.5385,12,25,0.4,15,28,84,8,East
2026-09-29 18:00,Guindy,13.0067,80.2206,79,172,2.5,104,29,80,2,South
2026-09-29 18:00,Marina Beach,13.05,80.2824,23,48,0.7,31,27,88,8,East
2026-09-29 18:00,Adyar,13.0012,80.2565,35,74,1.0,51,27,85,7,East
2026-09-29 18:00,T. Nagar,13.0418,80.2341,69,149,1.8,82,29,78,3,South
2026-09-29 18:00,Manali,13.1667,80.2667,95,210,3.0,119,28,84,3,South-East
2026-09-29 18:00,Ennore,13.2167,80.3167,92,202,2.9,113,27,86,6,East
2026-09-29 18:00,Sriperumbudur,12.9675,79.9419,77,169,2.0,107,28,81,3,South-East
2026-09-29 18:00,Kanchipuram,12.8342,79.7036,46,103,1.4,66,29,78,3,South-East
2026-09-29 18:00,Vellore,12.9165,79.1325,53,118,1.6,71,29,78,2,South-East
2026-09-29 18:00,Hosur,12.7409,77.8253,66,137,1.9,89,25,91,3,South
2026-09-29 18:00,Tiruvannamalai,12.2253,79.0747,35,73,1.1,43,29,80,3,South-East
2026-09-29 18:00,Cuddalore,11.748,79.7714,72,151,1.9,89,28,84,6,East
2026-09-29 18:00,Salem,11.6643,78.146,66,145,1.6,78,28,81,3,South-West
2026-09-29 18:00,Mettur,11.79,77.8,78,161,2.3,93,29,77,3,South-West
2026-09-29 18:00,Namakkal,11.2189,78.1674,42,90,1.3,63,28,83,2,South-East
2026-09-29 18:00,Erode,11.341,77.7172,55,122,1.6,72,28,82,2,South-East
2026-09-29 18:00,Tiruppur,11.1085,77.3411,70,148,2.1,88,28,82,3,South-West
2026-09-29 18:00,Coimbatore,11.0168,76.9558,57,120,1.6,73,26,88,3,South
2026-09-29 18:00,Pollachi,10.6609,77.0048,34,76,0.9,41,26,88,4,South-West
2026-09-29 18:00,Ooty,11.4102,76.695,10,21,0.3,13,17,96,3,South-West
2026-09-29 18:00,Karur,10.9601,78.0766,57,124,1.4,70,29,77,3,South
2026-09-29 18:00,Tiruchirappalli,10.7905,78.7047,63,134,1.7,80,29,80,2,South-West
2026-09-29 18:00,Thanjavur,10.787,79.1378,42,88,1.1,57,29,80,4,South-West
2026-09-29 18:00,Nagapattinam,10.7672,79.8449,33,70,1.0,41,27,89,7,East
2026-09-29 18:00,Dindigul,10.3673,77.9803,38,80,1.2,53,29,77,3,East
2026-09-29 18:00,Kodaikanal,10.2381,77.4892,8,18,0.2,10,18,96,3,South-West
2026-09-29 18:00,Madurai,9.9252,78.1198,64,134,1.8,95,29,78,2,South
2026-09-29 18:00,Rameswaram,9.2876,79.3129,17,38,0.6,21,27,88,9,East
2026-09-29 18:00,Thoothukudi,8.7642,78.1348,81,169,2.4,112,28,83,8,East
2026-09-29 18:00,Tirunelveli,8.7139,77.7567,46,103,1.2,53,28,80,3,South-East
2026-09-29 18:00,Nagercoil,8.1833,77.4119,31,65,0.9,43,27,88,4,South-West
2026-09-29 18:00,Kanyakumari,8.0883,77.5385,16,34,0.5,21,27,88,8,East
2026-09-29 19:00,Guindy,13.0067,80.2206,91,189,2.7,129,27,85,2,East
2026-09-29 19:00,Marina Beach,13.05,80.2824,28,60,0.8,31,26,89,9,East
2026-09-29 19:00,Adyar,13.0012,80.2565,43,89,1.1,59,26,90,7,East
2026-09-29 19:00,T. Nagar,13.0418,80.2341,84,172,2.5,111,27,83,3,South-West
2026-09-29 19:00,Manali,13.1667,80.2667,124,259,3.3,159,27,85,3,South-East
2026-09-29 19:00,Ennore,13.2167,80.3167,107,227,3.0,153,27,88,6,South-East
2026-09-29 19:00,Sriperumbudur,12.9675,79.9419,88,194,2.5,120,27,86,3,South
2026-09-29 19:00,Kanchipuram,12.8342,79.7036,61,137,1.6,79,27,85,2,South-West
2026-09-29 19:00,Vellore,12.9165,79.1325,66,143,1.8,87,28,83,2,South
2026-09-29 19:00,Hosur,12.7409,77.8253,81,176,2.2,106,25,89,3,South
2026-09-29 19:00,Tiruvannamalai,12.2253,79.0747,40,86,1.3,52,28,81,3,South-West
2026-09-29 19:00,Cuddalore,11.748,79.7714,85,186,2.4,100,27,86,6,East
2026-09-29 19:00,Salem,11.6643,78.146,77,159,2.2,98,27,85,3,South-East
2026-09-29 19:00,Mettur,11.79,77.8,84,187,2.6,106,28,82,2,East
2026-09-29 19:00,Namakkal,11.2189,78.1674,56,125,1.4,67,27,86,3,South
2026-09-29 19:00,Erode,11.341,77.7172,71,154,2.1,89,28,82,3,South
2026-09-29 19:00,Tiruppur,11.1085,77.3411,84,175,2.7,110,28,81,3,South-East
2026-09-29 19:00,Coimbatore,11.0168,76.9558,63,142,1.8,95,25,91,4,South-West
2026-09-29 19:00,Pollachi,10.6609,77.0048,37,79,1.1,47,25,91,4,South-West
2026-09-29 19:00,Ooty,11.4102,76.695,12,27,0.4,14,16,96,3,South-East
2026-09-29 19:00,Karur,10.9601,78.0766,66,147,1.8,87,28,80,3,South
2026-09-29 19:00,Tiruchirappalli,10.7905,78.7047,68,151,2.0,101,29,78,3,South
2026-09-29 19:00,Thanjavur,10.787,79.1378,47,101,1.3,56,27,84,3,South
2026-09-29 19:00,Nagapattinam,10.7672,79.8449,39,87,1.1,48,27,88,7,East
2026-09-29 19:00,Dindigul,10.3673,77.9803,47,102,1.3,67,27,87,2,East
2026-09-29 19:00,Kodaikanal,10.2381,77.4892,9,19,0.3,13,18,96,3,South
2026-09-29 19:00,Madurai,9.9252,78.1198,87,196,2.4,109,28,80,3,South
2026-09-29 19:00,Rameswaram,9.2876,79.3129,20,43,0.5,27,27,88,9,East
2026-09-29 19:00,Thoothukudi,8.7642,78.1348,97,218,3.0,117,27,86,7,South-East
2026-09-29 19:00,Tirunelveli,8.7139,77.7567,54,115,1.7,61,27,86,3,South
2026-09-29 19:00,Nagercoil,8.1833,77.4119,38,81,1.2,45,26,87,4,South-West
2026-09-29 19:00,Kanyakumari,8.0883,77.5385,18,40,0.6,24,27,87,6,East
2026-09-29 20:00,Guindy,13.0067,80.2206,92,191,2.9,116,26,88,2,South-West
2026-09-29 20:00,Marina Beach,13.05,80.2824,27,58,0.7,32,25,93,10,East
2026-09-29 20:00,Adyar,13.0012,80.2565,47,100,1.3,60,26,90,7,East
2026-09-29 20:00,T. Nagar,13.0418,80.2341,79,173,2.5,105,27,87,4,South-East
2026-09-29 20:00,Manali,13.1667,80.2667,116,244,3.7,164,26,86,3,East
2026-09-29 20:00,Ennore,13.2167,80.3167,112,251,3.0,134,25,92,7,East
2026-09-29 20:00,Sriperumbudur,12.9675,79.9419,99,215,2.6,131,27,86,3,East
2026-09-29 20:00,Kanchipuram,12.8342,79.7036,56,115,1.5,75,27,84,3,South-East
2026-09-29 20:00,Vellore,12.9165,79.1325,65,139,1.9,75,28,80,3,South-West
2026-09-29 20:00,Hosur,12.7409,77.8253,73,156,2.2,96,23,96,4,South
2026-09-29 20:00,Tiruvannamalai,12.2253,79.0747,42,89,1.3,56,27,83,3,South
2026-09-29 20:00,Cuddalore,11.748,79.7714,88,182,2.4,106,26,90,6,East
2026-09-29 20:00,Salem,11.6643,78.146,71,159,2.2,93,26,88,3,East
2026-09-29 20:00,Mettur,11.79,77.8,90,195,2.7,102,28,83,3,South
2026-09-29 20:00,Namakkal,11.2189,78.1674,51,107,1.7,66,26,89,3,South
2026-09-29 20:00,Erode,11.341,77.7172,64,137,1.8,81,27,85,3,South-East
2026-09-29 20:00,Tiruppur,11.1085,77.3411,90,189,2.3,120,26,87,3,South
2026-09-29 20:00,Coimbatore,11.0168,76.9558,64,135,2.0,94,25,91,5,South-West
2026-09-29 20:00,Pollachi,10.6609,77.0048,42,92,1.2,51,24,94,4,South
2026-09-29 20:00,Ooty,11.4102,76.695,11,23,0.3,16,16,96,3,East
2026-09-29 20:00,Karur,10.9601,78.0766,62,135,1.7,82,27,86,3,South
2026-09-29 20:00,Tiruchirappalli,10.7905,78.7047,73,153,2.3,94,27,84,3,East
2026-09-29 20:00,Thanjavur,10.787,79.1378,51,109,1.5,59,27,85,4,South
2026-09-29 20:00,Nagapattinam,10.7672,79.8449,36,76,1.1,53,26,90,9,South-East
2026-09-29 20:00,Dindigul,10.3673,77.9803,50,109,1.3,57,26,86,4,South
2026-09-29 20:00,Kodaikanal,10.2381,77.4892,10,21,0.3,12,17,96,4,South
2026-09-29 20:00,Madurai,9.9252,78.1198,79,176,2.1,99,27,85,4,South
2026-09-29 20:00,Rameswaram,9.2876,79.3129,21,44,0.7,26,25,93,11,East
2026-09-29 20:00,Thoothukudi,8.7642,78.1348,95,211,3.0,123,26,91,8,East
2026-09-29 20:00,Tirunelveli,8.7139,77.7567,50,105,1.5,76,27,87,4,South-East
2026-09-29 20:00,Nagercoil,8.1833,77.4119,38,78,1.1,53,25,93,5,South-East
2026-09-29 20:00,Kanyakumari,8.0883,77.5385,19,41,0.6,24,25,94,10,East
2026-09-29 21:00,Guindy,13.0067,80.2206,83,180,2.5,107,26,87,3,North
2026-09-29 21:00,Marina Beach,13.05,80.2824,24,50,0.7,30,25,93,13,West
2026-09-29 21:00,Adyar,13.0012,80.2565,38,81,1.1,49,25,92,9,North
2026-09-29 21:00,T. Nagar,13.0418,80.2341,77,170,2.0,100,26,90,3,North-West
2026-09-29 21:00,Manali,13.1667,80.2667,107,232,2.9,142,26,90,3,North
2026-09-29 21:00,Ennore,13.2167,80.3167,107,236,3.0,139,26,89,8,North
2026-09-29 21:00,Sriperumbudur,12.9675,79.9419,76,157,2.2,103,26,88,3,Calm
2026-09-29 21:00,Kanchipuram,12.8342,79.7036,52,117,1.4,67,26,87,4,West
2026-09-29 21:00,Vellore,12.9165,79.1325,54,115,1.7,74,27,84,4,Calm
2026-09-29 21:00,Hosur,12.7409,77.8253,73,155,2.2,91,23,96,3,West
2026-09-29 21:00,Tiruvannamalai,12.2253,79.0747,38,85,1.1,49,27,85,4,North-West
2026-09-29 21:00,Cuddalore,11.748,79.7714,72,151,2.0,98,26,91,8,West
2026-09-29 21:00,Salem,11.6643,78.146,60,126,2.0,86,26,88,4,West
2026-09-29 21:00,Mettur,11.79,77.8,78,161,2.1,94,27,85,4,West
2026-09-29 21:00,Namakkal,11.2189,78.1674,49,109,1.3,62,26,89,3,Calm
2026-09-29 21:00,Erode,11.341,77.7172,59,129,1.7,80,26,88,3,North-West
2026-09-29 21:00,Tiruppur,11.1085,77.3411,81,171,2.1,107,26,88,3,North
2026-09-29 21:00,Coimbatore,11.0168,76.9558,62,128,1.8,71,25,93,5,Calm
2026-09-29 21:00,Pollachi,10.6609,77.0048,36,74,1.1,48,24,95,4,North
2026-09-29 21:00,Ooty,11.4102,76.695,11,24,0.3,14,15,96,4,North
2026-09-29 21:00,Karur,10.9601,78.0766,53,113,1.7,65,27,83,4,Calm
2026-09-29 21:00,Tiruchirappalli,10.7905,78.7047,63,138,1.7,78,28,82,5,North
2026-09-29 21:00,Thanjavur,10.787,79.1378,45,99,1.2,51,27,85,5,West
2026-09-29 21:00,Nagapattinam,10.7672,79.8449,34,73,1.0,47,25,95,8,North-West
2026-09-29 21:00,Dindigul,10.3673,77.9803,45,100,1.2,58,26,87,4,Calm
2026-09-29 21:00,Kodaikanal,10.2381,77.4892,9,19,0.2,11,16,96,5,North-West
2026-09-29 21:00,Madurai,9.9252,78.1198,70,148,2.2,97,27,85,3,West
2026-09-29 21:00,Rameswaram,9.2876,79.3129,19,41,0.6,23,25,93,12,West
2026-09-29 21:00,Thoothukudi,8.7642,78.1348,83,176,2.3,106,26,92,9,West
2026-09-29 21:00,Tirunelveli,8.7139,77.7567,50,106,1.4,57,26,88,5,West
2026-09-29 21:00,Nagercoil,8.1833,77.4119,33,73,1.0,46,25,92,6,North-West
2026-09-29 21:00,Kanyakumari,8.0883,77.5385,16,33,0.5,22,25,92,12,North-West
2026-09-29 22:00,Guindy,13.0067,80.2206,70,145,2.2,100,25,91,3,North-West
2026-09-29 22:00,Marina Beach,13.05,80.2824,21,43,0.6,25,24,96,13,North
2026-09-29 22:00,Adyar,13.0012,80.2565,32,71,1.0,43,25,95,8,North-West
2026-09-29 22:00,T. Nagar,13.0418,80.2341,60,129,1.6,82,26,87,5,North
2026-09-29 22:00,Manali,13.1667,80.2667,84,182,2.8,110,25,90,5,Calm
2026-09-29 22:00,Ennore,13.2167,80.3167,83,174,2.3,106,25,94,9,West
2026-09-29 22:00,Sriperumbudur,12.9675,79.9419,72,160,1.8,93,26,88,3,West
2026-09-29 22:00,Kanchipuram,12.8342,79.7036,41,84,1.3,55,26,87,4,North
2026-09-29 22:00,Vellore,12.9165,79.1325,48,106,1.4,63,27,85,5,Calm
2026-09-29 22:00,Hosur,12.7409,77.8253,55,117,1.8,73,23,96,5,West
2026-09-29 22:00,Tiruvannamalai,12.2253,79.0747,35,75,0.9,44,27,85,3,Calm
2026-09-29 22:00,Cuddalore,11.748,79.7714,63,137,1.9,79,25,92,9,North
2026-09-29 22:00,Salem,11.6643,78.146,58,121,1.5,63,26,87,4,West
2026-09-29 22:00,Mettur,11.79,77.8,64,133,1.9,80,27,84,4,West
2026-09-29 22:00,Namakkal,11.2189,78.1674,37,81,1.0,56,25,92,4,West
2026-09-29 22:00,Erode,11.341,77.7172,52,113,1.5,70,25,91,4,North-West
2026-09-29 22:00,Tiruppur,11.1085,77.3411,64,137,1.8,92,26,88,5,North-West
2026-09-29 22:00,Coimbatore,11.0168,76.9558,51,110,1.5,66,24,93,6,West
2026-09-29 22:00,Pollachi,10.6609,77.0048,29,64,0.8,35,24,94,7,West
2026-09-29 22:00,Ooty,11.4102,76.695,8,16,0.2,11,15,96,6,North-West
2026-09-29 22:00,Karur,10.9601,78.0766,49,101,1.5,56,27,86,3,North-West
2026-09-29 22:00,Tiruchirappalli,10.7905,78.7047,53,117,1.4,63,27,86,5,West
2026-09-29 22:00,Thanjavur,10.787,79.1378,37,76,1.0,51,26,89,5,North
2026-09-29 22:00,Nagapattinam,10.7672,79.8449,29,65,0.8,38,25,91,9,North-West
2026-09-29 22:00,Dindigul,10.3673,77.9803,34,74,1.1,49,26,88,4,North-West
2026-09-29 22:00,Kodaikanal,10.2381,77.4892,7,15,0.2,9,16,96,4,North-West
2026-09-29 22:00,Madurai,9.9252,78.1198,60,127,1.7,85,27,84,4,Calm
2026-09-29 22:00,Rameswaram,9.2876,79.3129,16,35,0.4,20,25,96,14,West
2026-09-29 22:00,Thoothukudi,8.7642,78.1348,68,147,1.9,99,25,92,12,North-West
2026-09-29 22:00,Tirunelveli,8.7139,77.7567,38,83,1.1,51,26,87,5,North
2026-09-29 22:00,Nagercoil,8.1833,77.4119,28,61,0.8,37,25,94,6,North-West
2026-09-29 22:00,Kanyakumari,8.0883,77.5385,14,31,0.4,20,25,94,11,North-West
2026-09-29 23:00,Guindy,13.0067,80.2206,60,134,2.0,86,26,87,4,West
2026-09-29 23:00,Marina Beach,13.05,80.2824,18,37,0.5,21,24,96,16,North-West
2026-09-29 23:00,Adyar,13.0012,80.2565,28,59,0.8,39,25,94,11,West
2026-09-29 23:00,T. Nagar,13.0418,80.2341,50,111,1.5,69,26,88,4,West
2026-09-29 23:00,Manali,13.1667,80.2667,85,188,2.5,97,25,90,5,North-West
2026-09-29 23:00,Ennore,13.2167,80.3167,69,148,2.1,96,25,91,11,North-West
2026-09-29 23:00,Sriperumbudur,12.9675,79.9419,58,119,1.6,80,26,88,4,Calm
2026-09-29 23:00,Kanchipuram,12.8342,79.7036,36,74,1.1,44,26,89,5,North-West
2026-09-29 23:00,Vellore,12.9165,79.1325,41,91,1.1,53,26,87,4,Calm
2026-09-29 23:00,Hosur,12.7409,77.8253,51,114,1.5,66,22,96,5,North
2026-09-29 23:00,Tiruvannamalai,12.2253,79.0747,26,55,0.9,40,26,87,4,North-West
2026-09-29 23:00,Cuddalore,11.748,79.7714,53,114,1.6,75,26,88,8,North
2026-09-29 23:00,Salem,11.6643,78.146,49,109,1.3,57,26,87,5,North-West
2026-09-29 23:00,Mettur,11.79,77.8,57,117,1.7,78,26,88,4,North
2026-09-29 23:00,Namakkal,11.2189,78.1674,32,69,1.0,49,26,89,5,North-West
2026-09-29 23:00,Erode,11.341,77.7172,42,89,1.3,56,26,88,4,North-West
2026-09-29 23:00,Tiruppur,11.1085,77.3411,54,114,1.5,67,25,90,5,North-West
2026-09-29 23:00,Coimbatore,11.0168,76.9558,48,106,1.3,58,23,96,5,North
2026-09-29 23:00,Pollachi,10.6609,77.0048,25,54,0.7,30,24,94,6,North
2026-09-29 23:00,Ooty,11.4102,76.695,7,15,0.2,11,15,96,7,Calm
2026-09-29 23:00,Karur,10.9601,78.0766,42,86,1.2,57,26,88,4,North
2026-09-29 23:00,Tiruchirappalli,10.7905,78.7047,46,99,1.5,62,27,85,6,North
2026-09-29 23:00,Thanjavur,10.787,79.1378,31,69,0.9,41,25,92,5,North
2026-09-29 23:00,Nagapattinam,10.7672,79.8449,26,58,0.7,31,25,91,13,West
2026-09-29 23:00,Dindigul,10.3673,77.9803,34,71,0.9,43,26,89,6,Calm
2026-09-29 23:00,Kodaikanal,10.2381,77.4892,6,12,0.2,9,15,96,7,Calm
2026-09-29 23:00,Madurai,9.9252,78.1198,51,109,1.6,75,26,87,5,North-West
2026-09-29 23:00,Rameswaram,9.2876,79.3129,13,27,0.4,16,25,95,15,North-West
2026-09-29 23:00,Thoothukudi,8.7642,78.1348,61,127,1.7,78,26,91,10,North-West
2026-09-29 23:00,Tirunelveli,8.7139,77.7567,35,73,1.1,48,25,93,6,West
2026-09-29 23:00,Nagercoil,8.1833,77.4119,27,56,0.8,31,25,91,7,Calm
2026-09-29 23:00,Kanyakumari,8.0883,77.5385,14,29,0.3,17,25,92,14,North-West
